{
  "as a": 0.7,
  "ase ses": 0.40951,
  "at the": 0.7,
  "by the": 0.6,
  "enp ase": 0.468559,
  "ern enp": 0.468559,
  "ern ern": 0.468559,
  "ese tes": 0.468559,
  "for the": 0.7,
  "from the": 0.6,
  "gdp rtt": 0.1,
  "have been": 0.6,
  "htr ses": 0.468559,
  "in the": 0.9,
  "is a": 0.8,
  "kal htr": 0.1,
  "nnl ern": 0.651322,
  "nos roh": 0.468559,
  "of the": 0.9,
  "on the": 0.7,
  "ott ylc": 0.468559,
  "pse nnl": 0.1,
  "pse nos": 0.468559,
  "pse uha": 0.1,
  "ptn wcn": 0.1,
  "roh ptn": 0.1,
  "rtt uie": 0.468559,
  "ses pse": 0.1,
  "ses uha": 0.651322,
  "tft wyt": 0.468559,
  "to be": 0.8,
  "uha ese": 0.468559,
  "uha gie": 0.468559,
  "uie ieo": 0.468559,
  "wcn ott": 0.468559,
  "with the": 0.7,
  "wyt kal": 0.468559,
  "ylc zha": 0.468559,
  "zha gdp": 0.1,
}
