{
  "as a": 0.7,
  "at the": 0.7,
  "by the": 0.6,
  "elb jjl": 0.40951,
  "esb lba": 0.651322,
  "for the": 0.7,
  "from the": 0.6,
  "have been": 0.6,
  "in the": 0.9,
  "is a": 0.8,
  "jjl mws": 0.40951,
  "kps elb": 0.651322,
  "lba yue": 0.651322,
  "mws rel": 0.651322,
  "of the": 0.9,
  "on the": 0.7,
  "rel tws": 0.1,
  "to be": 0.8,
  "tws gkp": 0.1,
  "with the": 0.7,
  "wsb esb": 0.468559,
  "wsb wsb": 0.40951,
  "yue kps": 0.40951,
}
